cryptos,image
"#6157 Offered for 87.90Ξ ($151,569)",/public/images/cryptopunks/punk6157.png
"#9396 New bid of 66.50Ξ ($114,669)",/public/images/cryptopunks/punk9396.png
"#9099 Offered for 109.95Ξ ($189,591)",/public/images/cryptopunks/punk9099.png
"#5406 Offered for 105Ξ ($181,056)",/public/images/cryptopunks/punk5406.png
"#9396 Offered for 70.40Ξ ($121,394)",/public/images/cryptopunks/punk9396.png
"#8634 Offered for 114Ξ ($196,575)",/public/images/cryptopunks/punk8634.png
"#1270 New bid of 107Ξ ($184,504)",/public/images/cryptopunks/punk1270.png
"#9396 New bid of 67.50Ξ ($116,393)",/public/images/cryptopunks/punk9396.png
"#5773 Offered for 81Ξ ($139,672)",/public/images/cryptopunks/punk5773.png
"#8444 New bid of 66Ξ ($113,806)",/public/images/cryptopunks/punk8444.png
"#3533 Offered for 72Ξ ($124,152)",/public/images/cryptopunks/punk3533.png
#4789 Transferred to 0xb7f7f6,/public/images/cryptopunks/punk4789.png
